seed,mode,condition,op,accuracy,correct,count,cross_entropy
11,softmax,test_heldout_d4,xor,0.55859375,286,512,0.3694179952144623
11,softmax,test_heldout_d4,copy,0.986328125,505,512,0.3694179952144623
11,softmax,test_heldout_d8,xor,0.5078125,260,512,0.42724159359931946
11,softmax,test_heldout_d8,copy,0.966796875,495,512,0.42724159359931946
11,softmax,test_seen_d4,xor,0.533203125,273,512,0.3318367004394531
11,softmax,test_seen_d4,copy,1.0,512,512,0.3318367004394531
11,softmax,test_seen_d8,xor,0.482421875,247,512,0.4191071689128876
11,softmax,test_seen_d8,copy,0.978515625,501,512,0.4191071689128876
11,softmax,validation_seen_d4,xor,0.51953125,133,256,0.3218398094177246
11,softmax,validation_seen_d4,copy,1.0,256,256,0.3218398094177246
11,schrodinger,test_heldout_d4,xor,0.58203125,298,512,0.3919043242931366
11,schrodinger,test_heldout_d4,copy,0.986328125,505,512,0.3919043242931366
11,schrodinger,test_heldout_d8,xor,0.50390625,258,512,0.5342779159545898
11,schrodinger,test_heldout_d8,copy,0.9296875,476,512,0.5342779159545898
11,schrodinger,test_seen_d4,xor,0.548828125,281,512,0.3308464586734772
11,schrodinger,test_seen_d4,copy,1.0,512,512,0.3308464586734772
11,schrodinger,test_seen_d8,xor,0.51171875,262,512,0.46359989047050476
11,schrodinger,test_seen_d8,copy,0.958984375,491,512,0.46359989047050476
11,schrodinger,validation_seen_d4,xor,0.55078125,141,256,0.3164755702018738
11,schrodinger,validation_seen_d4,copy,1.0,256,256,0.3164755702018738
22,softmax,test_heldout_d4,xor,0.603515625,309,512,0.3952353596687317
22,softmax,test_heldout_d4,copy,0.98828125,506,512,0.3952353596687317
22,softmax,test_heldout_d8,xor,0.583984375,299,512,0.5852677822113037
22,softmax,test_heldout_d8,copy,0.916015625,469,512,0.5852677822113037
22,softmax,test_seen_d4,xor,0.625,320,512,0.3156593441963196
22,softmax,test_seen_d4,copy,1.0,512,512,0.3156593441963196
22,softmax,test_seen_d8,xor,0.583984375,299,512,0.5467939376831055
22,softmax,test_seen_d8,copy,0.916015625,469,512,0.5467939376831055
22,softmax,validation_seen_d4,xor,0.63671875,163,256,0.2968917191028595
22,softmax,validation_seen_d4,copy,1.0,256,256,0.2968917191028595
22,schrodinger,test_heldout_d4,xor,0.62890625,322,512,0.32513704895973206
22,schrodinger,test_heldout_d4,copy,0.99609375,510,512,0.32513704895973206
22,schrodinger,test_heldout_d8,xor,0.5703125,292,512,0.5052599310874939
22,schrodinger,test_heldout_d8,copy,0.943359375,483,512,0.5052599310874939
22,schrodinger,test_seen_d4,xor,0.619140625,317,512,0.31066858768463135
22,schrodinger,test_seen_d4,copy,1.0,512,512,0.31066858768463135
22,schrodinger,test_seen_d8,xor,0.568359375,291,512,0.4767146110534668
22,schrodinger,test_seen_d8,copy,0.9375,480,512,0.4767146110534668
22,schrodinger,validation_seen_d4,xor,0.66015625,169,256,0.2925952970981598
22,schrodinger,validation_seen_d4,copy,1.0,256,256,0.2925952970981598
33,softmax,test_heldout_d4,xor,0.96484375,494,512,0.1801125556230545
33,softmax,test_heldout_d4,copy,0.97265625,498,512,0.1801125556230545
33,softmax,test_heldout_d8,xor,0.935546875,479,512,0.31997057795524597
33,softmax,test_heldout_d8,copy,0.935546875,479,512,0.31997057795524597
33,softmax,test_seen_d4,xor,0.998046875,511,512,0.026115743443369865
33,softmax,test_seen_d4,copy,0.990234375,507,512,0.026115743443369865
33,softmax,test_seen_d8,xor,0.94921875,486,512,0.3114323616027832
33,softmax,test_seen_d8,copy,0.927734375,475,512,0.3114323616027832
33,softmax,validation_seen_d4,xor,1.0,256,256,0.0006365654990077019
33,softmax,validation_seen_d4,copy,1.0,256,256,0.0006365654990077019
33,schrodinger,test_heldout_d4,xor,0.9765625,500,512,0.10054561495780945
33,schrodinger,test_heldout_d4,copy,0.982421875,503,512,0.10054561495780945
33,schrodinger,test_heldout_d8,xor,0.931640625,477,512,0.3930661380290985
33,schrodinger,test_heldout_d8,copy,0.92578125,474,512,0.3930661380290985
33,schrodinger,test_seen_d4,xor,1.0,512,512,0.0004549197619780898
33,schrodinger,test_seen_d4,copy,1.0,512,512,0.0004549197619780898
33,schrodinger,test_seen_d8,xor,0.984375,504,512,0.18067939579486847
33,schrodinger,test_seen_d8,copy,0.947265625,485,512,0.18067939579486847
33,schrodinger,validation_seen_d4,xor,1.0,256,256,0.00017747643869370222
33,schrodinger,validation_seen_d4,copy,1.0,256,256,0.00017747643869370222
